host,owner,platform,source,notes,http_status
analytics.solana.com,analytics-fe,Vercel,vercel_project_domains,,401
api.devnet.solana.com,network-infrastructure,DNS A record; platform unverified,repo_reference,DNS A record present,not_checked
api.devtnet.solana.com,network-infrastructure,No current DNS address,repo_reference,No current A/CNAME; historical repo reference,not_checked
api.mainnet-beta.solana.com,network-infrastructure,DNS A record; platform unverified,repo_reference,DNS A record present,not_checked
api.mainnet.solana.com,network-infrastructure,DNS A record; platform unverified,repo_reference,DNS A record present,not_checked
api.testnet.solana.com,network-infrastructure,DNS A record; platform unverified,repo_reference,DNS A record present,not_checked
app-preview.solana.com,sdp-web,Vercel,vercel_project_domains,,200
attest.solana.com,solana-attestation-site,Vercel,vercel_project_domains,,200
beta.docs.solana.com,solana-developer-content,Vercel,vercel_project_domains,,200
beta.testnet.solana.com,unverified,No current DNS address,repo_reference,No current A/CNAME; historical repo reference,not_checked
break.solana.com,break,Vercel,vercel_project_domains,,200
breakpoint25.solana.com,conf-speakers,Vercel,vercel_project_domains,,200
builder-staging.solana.com,unverified,No current DNS address,repo_reference,No current A/CNAME; historical repo reference,not_checked
buildingoutloud.solana.com,buildingoutloud,Vercel,vercel_project_domains,,probe_failed
capitalforum.solana.com,capital-forum,Vercel,vercel_project_domains,,200
climate.solana.com,climate,Unverified external,web_redirect_destination,Destination referenced in web redirects,200
commercekit.solana.com,unverified,No current DNS address,repo_reference,No current A/CNAME; historical repo reference,not_checked
data.solana.com,unverified,AWS API Gateway,repo_reference,DNS CNAME d-wx1bcipfbl.execute-api.us-east-1.amazonaws.com,not_checked
docs.governance.solana.com,solana-governance-docs,Vercel,vercel_project_domains,,200
docs.platform.solana.com,sdp-docs,Vercel,vercel_project_domains,,307
docs.solana.com,solana-developer-content,Vercel,vercel_project_domains,,200
ecosystem.solana.com,bookface,Vercel,vercel_project_domains,,200
edge.docs.solana.com,solana-developer-content,Vercel,vercel_project_domains,,200
entrypoint.devnet.solana.com,network-infrastructure,Anza network endpoint,repo_reference,DNS CNAME entrypoint.devnet.anza.xyz,not_checked
entrypoint.mainnet.solana.com,network-infrastructure,No current DNS address,repo_reference,No current A/CNAME; historical repo reference,not_checked
entrypoint.testnet.solana.com,network-infrastructure,Anza network endpoint,repo_reference,DNS CNAME entrypoint.testnet.anza.xyz,not_checked
explorer.solana.com,explorer,Vercel,vercel_project_domains,,429
faucet.solana.com,solana-devnet-faucet,Vercel,vercel_project_domains,,200
forum.solana.com,unverified,Discourse,repo_reference,DNS CNAME solanafndn.hosted-by-discourse.com,not_checked
forums.solana.com,unverified,DNS A record; platform unverified,repo_reference,DNS A record present,not_checked
governance.solana.com,solana-governance,Vercel,vercel_project_domains,,200
hackathons.solana.com,hackathons-solana-com,Vercel,vercel_project_domains,,200
hyperdrive.solana.com,unverified,No current DNS address,repo_reference,No current A/CNAME; historical repo reference,not_checked
idl.solana.com,idl,Vercel,vercel_project_domains,,200
jobs.solana.com,jobs,Unverified external,web_redirect_destination,Destination referenced in web redirects,403
launch.solana.com,launchonsolana-docs,Vercel,vercel_project_domains,,200
mcp.solana.com,unverified,Google Hosted,repo_reference,DNS CNAME ghs.googlehosted.com,not_checked
media.solana.com,unverified,No current DNS address,repo_reference,No current A/CNAME; historical repo reference,not_checked
metrics.solana.com,network-infrastructure,DNS A record; platform unverified,repo_reference,DNS A record present,not_checked
platform.solana.com,sdp-web,Vercel,vercel_project_domains,,200
podcast.solana.com,unverified,DNS A record; platform unverified,repo_reference,DNS A record present,not_checked
records.solana.com,solana-record-site-docs,Vercel,vercel_project_domains,,200
release.solana.com,unverified,DNS A record; platform unverified,repo_reference,DNS A record present,not_checked
speakers.solana.com,conf-speakers,Vercel,vercel_project_domains,,200
spl.solana.com,spl-solana-com,Vercel,vercel_project_domains,,308
staging.solana.com,solana-com,Vercel,vercel_project_domains,Branch staging,200
status.solana.com,unverified,Statuspage,repo_reference,DNS CNAME rm9mn997x8jd.stspg-customer.com,not_checked
store.solana.com,unverified,No current DNS address,repo_reference,No current A/CNAME; historical repo reference,not_checked
tds.solana.com,unverified,No current DNS address,repo_reference,No current A/CNAME; historical repo reference,not_checked
templates.solana.com,solana-com-templates,Vercel,vercel_project_domains,,301
testnet.solana.com,network-infrastructure,DNS A record; platform unverified,repo_reference,DNS A record present,not_checked
tokens.solana.com,tokens-web-gcp,Vercel,vercel_project_domains,,200
trading.solana.com,trading-solana-com,Vercel,vercel_project_domains,Redirect to www.frontiertraders.com,307
usa.solana.com,usa-solana-com,Vercel,vercel_project_domains,,200
www.solana.com,solana-com,Vercel,vercel_project_domains,Redirect to solana.com,308
